,dataset,name,peaks_n
0,cardispike,1,1870
1,cardispike,2,226
2,cardispike,3,105
3,cardispike,4,135
4,cardispike,5,189
5,cardispike,6,168
6,cardispike,7,115
7,cardispike,10,146
8,cardispike,12,154
9,cardispike,13,264
10,cardispike,14,320
11,cardispike,15,220
12,cardispike,16,226
13,cardispike,17,271
14,cardispike,19,429
15,cardispike,20,957
16,cardispike,21,781
17,cardispike,22,940
18,cardispike,23,491
19,cardispike,24,384
20,cardispike,25,337
21,cardispike,27,309
22,cardispike,29,109
23,cardispike,30,142
24,cardispike,31,95
25,cardispike,32,110
26,cardispike,33,127
27,cardispike,34,41
28,cardispike,35,69
29,cardispike,36,151
30,cardispike,38,69
31,cardispike,39,71
32,cardispike,40,65
33,cardispike,41,154
34,cardispike,42,93
35,cardispike,43,90
36,cardispike,44,135
37,cardispike,45,131
38,cardispike,46,163
39,cardispike,47,77
40,cardispike,48,90
41,cardispike,49,100
42,cardispike,51,80
43,cardispike,52,95
44,cardispike,53,87
45,cardispike,54,145
46,cardispike,55,163
47,cardispike,57,96
48,cardispike,58,41
49,cardispike,59,108
50,cardispike,60,174
51,cardispike,61,201
52,cardispike,62,169
53,cardispike,63,131
54,cardispike,64,101
55,cardispike,65,94
56,cardispike,66,104
57,cardispike,67,93
58,cardispike,68,106
59,cardispike,69,138
60,cardispike,70,137
61,cardispike,71,187
62,cardispike,72,139
63,cardispike,73,76
64,cardispike,74,56
65,cardispike,75,128
66,cardispike,76,210
67,cardispike,77,249
68,cardispike,78,69
69,cardispike,79,86
70,cardispike,80,72
71,cardispike,82,135
72,cardispike,84,70
73,cardispike,85,130
74,cardispike,86,84
75,cardispike,87,181
76,cardispike,88,163
77,cardispike,89,179
78,cardispike,90,240
79,cardispike,91,122
80,cardispike,92,99
81,cardispike,93,80
82,cardispike,96,100
83,cardispike,97,106
84,cardispike,99,128
85,cardispike,100,73
86,cardispike,101,99
87,cardispike,102,86
88,cardispike,103,170
89,cardispike,104,135
90,cardispike,107,1321
91,cardispike,108,1327
92,cardispike,109,807
93,cardispike,110,125
94,cardispike,111,154
95,cardispike,112,149
96,cardispike,113,184
97,cardispike,115,198
98,cardispike,116,233
99,cardispike,117,110
100,cardispike,118,135
101,cardispike,119,152
102,cardispike,120,331
103,cardispike,121,56
104,cardispike,122,198
105,cardispike,123,248
106,cardispike,124,199
107,cardispike,125,81
108,cardispike,126,32
109,cardispike,127,1632
110,cardispike,128,175
111,cardispike,129,187
112,cardispike,130,58
113,cardispike,131,189
114,cardispike,132,3085
115,cardispike,133,47
116,cardispike,134,124
117,cardispike,136,623
118,cardispike,137,1336
119,cardispike,138,232
120,cardispike,139,175
121,cardispike,140,170
122,cardispike,143,90
123,cardispike,144,71
124,cardispike,145,74
125,cardispike,146,230
126,cardispike,147,199
127,cardispike,148,358
128,cardispike,149,314
129,cardispike,150,499
130,cardispike,151,211
131,cardispike,152,114
132,cardispike,153,144
133,cardispike,155,425
134,cardispike,156,1187
135,cardispike,158,345
136,cardispike,159,653
137,cardispike,160,117
138,cardispike,161,136
139,cardispike,162,198
140,cardispike,163,1155
141,cardispike,164,1176
142,cardispike,167,3661
143,cardispike,169,82
144,cardispike,170,75
145,cardispike,172,93
146,cardispike,173,237
147,cardispike,174,355
148,cardispike,177,103
149,cardispike,178,87
150,cardispike,179,141
151,cardispike,180,128
152,cardispike,182,73
153,cardispike,185,217
154,cardispike,186,65
155,cardispike,187,118
156,cardispike,188,101
157,cardispike,189,107
158,cardispike,190,79
159,cardispike,191,161
160,cardispike,193,67
161,cardispike,194,216
162,cardispike,195,182
163,cardispike,196,138
164,cardispike,197,181
165,cardispike,199,210
166,cardispike,201,188
167,cardispike,202,400
168,cardispike,203,185
169,cardispike,204,172
170,cardispike,205,119
171,cardispike,206,101
172,cardispike,207,121
173,cardispike,208,156
174,cardispike,209,124
175,cardispike,213,144
176,cardispike,214,425
177,cardispike,215,85
178,cardispike,216,226
179,cardispike,217,198
180,cardispike,218,834
181,cardispike,219,1821
182,cardispike,220,339
183,cardispike,221,91
184,cardispike,222,258
185,cardispike,223,247
186,cardispike,224,264
187,cardispike,225,183
188,cardispike,226,192
189,cardispike,228,174
190,cardispike,229,159
191,cardispike,230,161
192,cardispike,231,219
193,cardispike,232,637
194,cardispike,233,848
195,cardispike,234,212
196,cardispike,235,51
197,cardispike,236,70
198,cardispike,237,171
199,cardispike,238,186
200,cardispike,239,91
201,cardispike,240,413
202,cardispike,241,560
203,cardispike,242,401
204,cardispike,244,202
205,cardispike,245,80
206,cardispike,246,355
207,cardispike,247,218
208,cardispike,250,93
209,cardispike,251,156
210,cardispike,252,70
211,cardispike,253,110
212,cardispike,254,196
213,cardispike,257,151
214,cardispike,258,221
215,cardispike,259,74
216,cardispike,260,131
217,cardispike,261,57
218,cardispike,262,144
219,cardispike,263,156
220,cardispike,264,97
221,cardispike,265,102
222,cardispike,266,137
223,cardispike,268,107
224,cardispike,270,166
225,cardispike,271,141
226,cardispike,272,113
227,cardispike,273,104
228,cardispike,275,200
